particle,mass_mev
electron,0.51099895
muon,105.6583755
tau,1776.86
pi0,134.9768
pi+,139.57039
K0,497.611
K+,493.677
proton,938.27208816
neutron,939.56542052
eta,547.862
rho,775.26
omega,782.65
phi,1019.461
lambda0,1115.683
xi0,1314.86
